{
  "Phi-3.5 (3.8B)": {
    "ft_only": {
      "medcon_precision": 0.790711893784803,
      "medcon_recall": 0.7492295976342815,
      "medcon_f1": 0.7665895483804497,
      "avg_generated_concepts": 109.76,
      "avg_reference_concepts": 116.26,
      "avg_overlap_concepts": 86.6,
      "num_samples": 50
    },
    "ft_rag": {
      "medcon_precision": 0.7996296101970204,
      "medcon_recall": 0.7361528921811527,
      "medcon_f1": 0.7575798452595915,
      "avg_generated_concepts": 106.52,
      "avg_reference_concepts": 116.26,
      "avg_overlap_concepts": 84.74,
      "num_samples": 50
    },
    "baseline": {
      "medcon_precision": 0.6952644074995091,
      "medcon_recall": 0.5831917977563652,
      "medcon_f1": 0.6289859470419309,
      "avg_generated_concepts": 97.64,
      "avg_reference_concepts": 116.26,
      "avg_overlap_concepts": 67.28,
      "num_samples": 50
    },
    "rag_only": {
      "medcon_precision": 0.7030852578939785,
      "medcon_recall": 0.5846715393782573,
      "medcon_f1": 0.6320214679429985,
      "avg_generated_concepts": 96.74,
      "avg_reference_concepts": 116.26,
      "avg_overlap_concepts": 67.38,
      "num_samples": 50
    },
    "teacher": {
      "medcon_precision": 0.7205201871378937,
      "medcon_recall": 0.6122196962225951,
      "medcon_f1": 0.6574983301929435,
      "avg_generated_concepts": 98.84,
      "avg_reference_concepts": 116.26,
      "avg_overlap_concepts": 70.82,
      "num_samples": 50
    },
    "rag_dense_only": {
      "medcon_precision": 0.814359867056464,
      "medcon_recall": 0.6698044027444742,
      "medcon_f1": 0.7248329853084781,
      "avg_generated_concepts": 95.6,
      "avg_reference_concepts": 116.26,
      "avg_overlap_concepts": 77.34,
      "num_samples": 50
    },
    "rag_dense_rerank": {
      "medcon_precision": 0.7854509853724838,
      "medcon_recall": 0.7442809280398441,
      "medcon_f1": 0.7613881976514075,
      "avg_generated_concepts": 109.58,
      "avg_reference_concepts": 116.26,
      "avg_overlap_concepts": 85.78,
      "num_samples": 50
    }
  },
  "Llama-3.2 (3B)": {
    "ft_only": {
      "medcon_precision": 0.7953986999905588,
      "medcon_recall": 0.7871527361690027,
      "medcon_f1": 0.7882866004836374,
      "avg_generated_concepts": 115.14,
      "avg_reference_concepts": 116.26,
      "avg_overlap_concepts": 91.26,
      "num_samples": 50
    },
    "ft_rag": {
      "medcon_precision": 0.793621639201661,
      "medcon_recall": 0.7748675765246184,
      "medcon_f1": 0.7803875091443122,
      "avg_generated_concepts": 113.64,
      "avg_reference_concepts": 116.26,
      "avg_overlap_concepts": 89.76,
      "num_samples": 50
    },
    "baseline": {
      "medcon_precision": 0.6045174213159453,
      "medcon_recall": 0.6018546927078426,
      "medcon_f1": 0.5995431116820094,
      "avg_generated_concepts": 115.74,
      "avg_reference_concepts": 116.26,
      "avg_overlap_concepts": 69.62,
      "num_samples": 50
    },
    "rag_only": {
      "medcon_precision": 0.6064138653836122,
      "medcon_recall": 0.6004849710832814,
      "medcon_f1": 0.6002856362979289,
      "avg_generated_concepts": 114.62,
      "avg_reference_concepts": 116.26,
      "avg_overlap_concepts": 69.36,
      "num_samples": 50
    },
    "teacher": {
      "medcon_precision": 0.7205201871378937,
      "medcon_recall": 0.6122196962225951,
      "medcon_f1": 0.6574983301929435,
      "avg_generated_concepts": 98.84,
      "avg_reference_concepts": 116.26,
      "avg_overlap_concepts": 70.82,
      "num_samples": 50
    },
    "rag_dense_only": {
      "medcon_precision": 0.7686926272700917,
      "medcon_recall": 0.7782646983590162,
      "medcon_f1": 0.7697113114122469,
      "avg_generated_concepts": 118.06,
      "avg_reference_concepts": 116.26,
      "avg_overlap_concepts": 90.14,
      "num_samples": 50
    },
    "rag_dense_rerank": {
      "medcon_precision": 0.7834433803666339,
      "medcon_recall": 0.7844982142790673,
      "medcon_f1": 0.7810695783193876,
      "avg_generated_concepts": 116.54,
      "avg_reference_concepts": 116.26,
      "avg_overlap_concepts": 90.96,
      "num_samples": 50
    }
  },
  "Llama-3.2 (1B)": {
    "ft_only": {
      "medcon_precision": 0.7522813960555323,
      "medcon_recall": 0.7434302781989116,
      "medcon_f1": 0.7448808618070137,
      "avg_generated_concepts": 114.88,
      "avg_reference_concepts": 116.26,
      "avg_overlap_concepts": 85.94,
      "num_samples": 50
    },
    "ft_rag": {
      "medcon_precision": 0.7577745014027206,
      "medcon_recall": 0.7595309066455123,
      "medcon_f1": 0.7558446230955341,
      "avg_generated_concepts": 116.7,
      "avg_reference_concepts": 116.26,
      "avg_overlap_concepts": 87.96,
      "num_samples": 50
    },
    "baseline": {
      "medcon_precision": 0.6230586487104324,
      "medcon_recall": 0.5578074990785601,
      "medcon_f1": 0.5848167536648277,
      "avg_generated_concepts": 104.1,
      "avg_reference_concepts": 116.26,
      "avg_overlap_concepts": 64.48,
      "num_samples": 50
    },
    "rag_only": {
      "medcon_precision": 0.6256766336360274,
      "medcon_recall": 0.5555115838268421,
      "medcon_f1": 0.5835564865970376,
      "avg_generated_concepts": 103.28,
      "avg_reference_concepts": 116.26,
      "avg_overlap_concepts": 64.18,
      "num_samples": 50
    },
    "teacher": {
      "medcon_precision": 0.7205201871378937,
      "medcon_recall": 0.6122196962225951,
      "medcon_f1": 0.6574983301929435,
      "avg_generated_concepts": 98.84,
      "avg_reference_concepts": 116.26,
      "avg_overlap_concepts": 70.82,
      "num_samples": 50
    },
    "rag_dense_only": {
      "medcon_precision": 0.7573790850207197,
      "medcon_recall": 0.7487665510423924,
      "medcon_f1": 0.7500244159059264,
      "avg_generated_concepts": 115.32,
      "avg_reference_concepts": 116.26,
      "avg_overlap_concepts": 86.64,
      "num_samples": 50
    },
    "rag_dense_rerank": {
      "medcon_precision": 0.7545452817393549,
      "medcon_recall": 0.7547033902732481,
      "medcon_f1": 0.7517139074190088,
      "avg_generated_concepts": 116.66,
      "avg_reference_concepts": 116.26,
      "avg_overlap_concepts": 87.44,
      "num_samples": 50
    }
  }
}