{
  "Phi-3.5 (3.8B)": {
    "ft_only": {
      "medcon_precision": 0.801274514103917,
      "medcon_recall": 0.7445364047955185,
      "medcon_f1": 0.7658052049943214,
      "avg_generated_concepts": 64.58,
      "avg_reference_concepts": 69.38,
      "avg_overlap_concepts": 51.46,
      "num_samples": 50
    },
    "ft_rag": {
      "medcon_precision": 0.8007316073622904,
      "medcon_recall": 0.7473168271781929,
      "medcon_f1": 0.7667895084022358,
      "avg_generated_concepts": 64.78,
      "avg_reference_concepts": 69.38,
      "avg_overlap_concepts": 51.62,
      "num_samples": 50
    },
    "baseline": {
      "medcon_precision": 0.7362241563379641,
      "medcon_recall": 0.5747112735312243,
      "medcon_f1": 0.6420804121148115,
      "avg_generated_concepts": 54.24,
      "avg_reference_concepts": 69.38,
      "avg_overlap_concepts": 39.58,
      "num_samples": 50
    },
    "rag_only": {
      "medcon_precision": 0.7329453596440598,
      "medcon_recall": 0.571942472743721,
      "medcon_f1": 0.6393188077102837,
      "avg_generated_concepts": 54.16,
      "avg_reference_concepts": 69.38,
      "avg_overlap_concepts": 39.44,
      "num_samples": 50
    },
    "teacher": {
      "medcon_precision": 0.7409898307503291,
      "medcon_recall": 0.5958508591659458,
      "medcon_f1": 0.6577030059894514,
      "avg_generated_concepts": 55.86,
      "avg_reference_concepts": 69.38,
      "avg_overlap_concepts": 41.16,
      "num_samples": 50
    },
    "rag_dense_only": {
      "medcon_precision": 0.8442553003590919,
      "medcon_recall": 0.6706516675960856,
      "medcon_f1": 0.7360485594404826,
      "avg_generated_concepts": 55.34,
      "avg_reference_concepts": 69.38,
      "avg_overlap_concepts": 46.22,
      "num_samples": 50
    },
    "rag_dense_rerank": {
      "medcon_precision": 0.7971262433808137,
      "medcon_recall": 0.7497275709703171,
      "medcon_f1": 0.7654986821459658,
      "avg_generated_concepts": 65.14,
      "avg_reference_concepts": 69.38,
      "avg_overlap_concepts": 51.7,
      "num_samples": 50
    }
  },
  "Llama-3.2 (3B)": {
    "ft_only": {
      "medcon_precision": 0.8030167195514278,
      "medcon_recall": 0.792427483476508,
      "medcon_f1": 0.7958772239467651,
      "avg_generated_concepts": 68.42,
      "avg_reference_concepts": 69.38,
      "avg_overlap_concepts": 54.84,
      "num_samples": 50
    },
    "ft_rag": {
      "medcon_precision": 0.8015757318923487,
      "medcon_recall": 0.7872245695619436,
      "medcon_f1": 0.7925012097618649,
      "avg_generated_concepts": 68.14,
      "avg_reference_concepts": 69.38,
      "avg_overlap_concepts": 54.5,
      "num_samples": 50
    },
    "baseline": {
      "medcon_precision": 0.6230863756655234,
      "medcon_recall": 0.5932958781177573,
      "medcon_f1": 0.6048120577423534,
      "avg_generated_concepts": 66.1,
      "avg_reference_concepts": 69.38,
      "avg_overlap_concepts": 40.92,
      "num_samples": 50
    },
    "rag_only": {
      "medcon_precision": 0.6154909320305464,
      "medcon_recall": 0.5869583538726075,
      "medcon_f1": 0.5975825180863967,
      "avg_generated_concepts": 66.1,
      "avg_reference_concepts": 69.38,
      "avg_overlap_concepts": 40.42,
      "num_samples": 50
    },
    "teacher": {
      "medcon_precision": 0.7407394364407868,
      "medcon_recall": 0.5943306319630686,
      "medcon_f1": 0.6566215623169279,
      "avg_generated_concepts": 55.76,
      "avg_reference_concepts": 69.38,
      "avg_overlap_concepts": 41.02,
      "num_samples": 50
    },
    "rag_dense_only": {
      "medcon_precision": 0.7957023126028723,
      "medcon_recall": 0.791029545118062,
      "medcon_f1": 0.7915181205135213,
      "avg_generated_concepts": 68.96,
      "avg_reference_concepts": 69.38,
      "avg_overlap_concepts": 54.68,
      "num_samples": 50
    },
    "rag_dense_rerank": {
      "medcon_precision": 0.8050547045297476,
      "medcon_recall": 0.7939261575484453,
      "medcon_f1": 0.7978640978568758,
      "avg_generated_concepts": 68.34,
      "avg_reference_concepts": 69.38,
      "avg_overlap_concepts": 54.96,
      "num_samples": 50
    }
  },
  "Llama-3.2 (1B)": {
    "ft_only": {
      "medcon_precision": 0.7805835638632821,
      "medcon_recall": 0.7699394217951527,
      "medcon_f1": 0.7733195211421331,
      "avg_generated_concepts": 68.34,
      "avg_reference_concepts": 69.38,
      "avg_overlap_concepts": 53.12,
      "num_samples": 50
    },
    "ft_rag": {
      "medcon_precision": 0.7878685233780122,
      "medcon_recall": 0.7682099023476954,
      "medcon_f1": 0.7755592606256329,
      "avg_generated_concepts": 67.52,
      "avg_reference_concepts": 69.38,
      "avg_overlap_concepts": 52.98,
      "num_samples": 50
    },
    "baseline": {
      "medcon_precision": 0.6887795204274291,
      "medcon_recall": 0.5299365181031749,
      "medcon_f1": 0.5959545600638506,
      "avg_generated_concepts": 53.1,
      "avg_reference_concepts": 69.38,
      "avg_overlap_concepts": 36.52,
      "num_samples": 50
    },
    "rag_only": {
      "medcon_precision": 0.6879413227846523,
      "medcon_recall": 0.5248497540854857,
      "medcon_f1": 0.5923579460369034,
      "avg_generated_concepts": 52.66,
      "avg_reference_concepts": 69.38,
      "avg_overlap_concepts": 36.1,
      "num_samples": 50
    },
    "teacher": {
      "medcon_precision": 0.7410033684215045,
      "medcon_recall": 0.5976654871381729,
      "medcon_f1": 0.6587352214301245,
      "avg_generated_concepts": 56.08,
      "avg_reference_concepts": 69.38,
      "avg_overlap_concepts": 41.22,
      "num_samples": 50
    },
    "rag_dense_only": {
      "medcon_precision": 0.7903676314630332,
      "medcon_recall": 0.7646810926275558,
      "medcon_f1": 0.775208486462283,
      "avg_generated_concepts": 67.02,
      "avg_reference_concepts": 69.38,
      "avg_overlap_concepts": 52.7,
      "num_samples": 50
    },
    "rag_dense_rerank": {
      "medcon_precision": 0.7800545224233207,
      "medcon_recall": 0.7705731970519664,
      "medcon_f1": 0.7731638636937744,
      "avg_generated_concepts": 68.5,
      "avg_reference_concepts": 69.38,
      "avg_overlap_concepts": 53.18,
      "num_samples": 50
    }
  }
}