{
  "Phi-3.5 (3.8B)": {
    "ft_only": {
      "medcon_precision": 0.789431962260508,
      "medcon_recall": 0.7299709012611997,
      "medcon_f1": 0.751233471374878,
      "avg_generated_concepts": 107.06,
      "avg_reference_concepts": 116.26,
      "avg_overlap_concepts": 84.24,
      "num_samples": 50
    },
    "ft_rag": {
      "medcon_precision": 0.7858826372719203,
      "medcon_recall": 0.7240418274693229,
      "medcon_f1": 0.7458680904382646,
      "avg_generated_concepts": 106.56,
      "avg_reference_concepts": 116.26,
      "avg_overlap_concepts": 83.46,
      "num_samples": 50
    },
    "baseline": {
      "medcon_precision": 0.697380256725304,
      "medcon_recall": 0.5791486834002384,
      "medcon_f1": 0.6273115492516229,
      "avg_generated_concepts": 96.46,
      "avg_reference_concepts": 116.26,
      "avg_overlap_concepts": 66.72,
      "num_samples": 50
    },
    "rag_only": {
      "medcon_precision": 0.6994153863683775,
      "medcon_recall": 0.5821752975220194,
      "medcon_f1": 0.6304817529729916,
      "avg_generated_concepts": 96.7,
      "avg_reference_concepts": 116.26,
      "avg_overlap_concepts": 67.22,
      "num_samples": 50
    },
    "teacher": {
      "medcon_precision": 0.7207074932082161,
      "medcon_recall": 0.6129929260538521,
      "medcon_f1": 0.6578403485419062,
      "avg_generated_concepts": 99.1,
      "avg_reference_concepts": 116.26,
      "avg_overlap_concepts": 70.94,
      "num_samples": 50
    },
    "rag_dense_only": {
      "medcon_precision": 0.8176751396683147,
      "medcon_recall": 0.6671600282117879,
      "medcon_f1": 0.7217185920054294,
      "avg_generated_concepts": 94.56,
      "avg_reference_concepts": 116.26,
      "avg_overlap_concepts": 76.78,
      "num_samples": 50
    },
    "rag_dense_rerank": {
      "medcon_precision": 0.7877031847543734,
      "medcon_recall": 0.7320538942747935,
      "medcon_f1": 0.7493273475347124,
      "avg_generated_concepts": 107.56,
      "avg_reference_concepts": 116.26,
      "avg_overlap_concepts": 84.26,
      "num_samples": 50
    }
  },
  "Llama-3.2 (3B)": {
    "ft_only": {
      "medcon_precision": 0.7843137321044549,
      "medcon_recall": 0.7820810956972941,
      "medcon_f1": 0.7795133102124575,
      "avg_generated_concepts": 116.24,
      "avg_reference_concepts": 116.26,
      "avg_overlap_concepts": 90.62,
      "num_samples": 50
    },
    "ft_rag": {
      "medcon_precision": 0.7839264735047168,
      "medcon_recall": 0.7770314613575999,
      "medcon_f1": 0.7765335790681955,
      "avg_generated_concepts": 115.62,
      "avg_reference_concepts": 116.26,
      "avg_overlap_concepts": 90.06,
      "num_samples": 50
    },
    "baseline": {
      "medcon_precision": 0.618076577742641,
      "medcon_recall": 0.593730639236221,
      "medcon_f1": 0.6019645925689578,
      "avg_generated_concepts": 111.6,
      "avg_reference_concepts": 116.26,
      "avg_overlap_concepts": 68.74,
      "num_samples": 50
    },
    "rag_only": {
      "medcon_precision": 0.6057421385476386,
      "medcon_recall": 0.5908870380099034,
      "medcon_f1": 0.5942274206749797,
      "avg_generated_concepts": 113.44,
      "avg_reference_concepts": 116.26,
      "avg_overlap_concepts": 68.28,
      "num_samples": 50
    },
    "teacher": {
      "medcon_precision": 0.7186120732146017,
      "medcon_recall": 0.611126704927436,
      "medcon_f1": 0.655506905030489,
      "avg_generated_concepts": 99.0,
      "avg_reference_concepts": 116.26,
      "avg_overlap_concepts": 70.66,
      "num_samples": 50
    },
    "rag_dense_only": {
      "medcon_precision": 0.774964853948606,
      "medcon_recall": 0.7748512172030069,
      "medcon_f1": 0.7713652363181464,
      "avg_generated_concepts": 116.58,
      "avg_reference_concepts": 116.26,
      "avg_overlap_concepts": 89.74,
      "num_samples": 50
    },
    "rag_dense_rerank": {
      "medcon_precision": 0.7892617218790892,
      "medcon_recall": 0.78435894806563,
      "medcon_f1": 0.7832234350205382,
      "avg_generated_concepts": 115.78,
      "avg_reference_concepts": 116.26,
      "avg_overlap_concepts": 90.84,
      "num_samples": 50
    }
  },
  "Llama-3.2 (1B)": {
    "ft_only": {
      "medcon_precision": 0.7530581562242114,
      "medcon_recall": 0.7559986924668395,
      "medcon_f1": 0.7519491281598188,
      "avg_generated_concepts": 116.74,
      "avg_reference_concepts": 116.26,
      "avg_overlap_concepts": 87.4,
      "num_samples": 50
    },
    "ft_rag": {
      "medcon_precision": 0.7624227702412483,
      "medcon_recall": 0.7551630121744829,
      "medcon_f1": 0.7559731378452096,
      "avg_generated_concepts": 115.18,
      "avg_reference_concepts": 116.26,
      "avg_overlap_concepts": 87.36,
      "num_samples": 50
    },
    "baseline": {
      "medcon_precision": 0.6244446672369081,
      "medcon_recall": 0.5445097316251294,
      "medcon_f1": 0.5769418681586097,
      "avg_generated_concepts": 101.88,
      "avg_reference_concepts": 116.26,
      "avg_overlap_concepts": 63.02,
      "num_samples": 50
    },
    "rag_only": {
      "medcon_precision": 0.6217734520369129,
      "medcon_recall": 0.5403227673826325,
      "medcon_f1": 0.5742094131935722,
      "avg_generated_concepts": 100.8,
      "avg_reference_concepts": 116.26,
      "avg_overlap_concepts": 62.46,
      "num_samples": 50
    },
    "teacher": {
      "medcon_precision": 0.7184843190837238,
      "medcon_recall": 0.614159741200307,
      "medcon_f1": 0.6569680202854623,
      "avg_generated_concepts": 99.48,
      "avg_reference_concepts": 116.26,
      "avg_overlap_concepts": 70.98,
      "num_samples": 50
    },
    "rag_dense_only": {
      "medcon_precision": 0.7616797726744295,
      "medcon_recall": 0.744103165195628,
      "medcon_f1": 0.7500806672929486,
      "avg_generated_concepts": 113.6,
      "avg_reference_concepts": 116.26,
      "avg_overlap_concepts": 86.06,
      "num_samples": 50
    },
    "rag_dense_rerank": {
      "medcon_precision": 0.7595265370289588,
      "medcon_recall": 0.7537155003688973,
      "medcon_f1": 0.7539176864404378,
      "avg_generated_concepts": 115.48,
      "avg_reference_concepts": 116.26,
      "avg_overlap_concepts": 87.26,
      "num_samples": 50
    }
  }
}